{
  "files": {
    "component_features": "./golden/no_bw_pipeline/rerun_pruned/component_features.tsv",
    "protein_features": "./golden/no_bw_pipeline/rerun_pruned/protein_features.tsv",
    "edge_features": "./golden/no_bw_pipeline/rerun_pruned/edge_features.tsv",
    "hgt_candidates": "./golden/no_bw_pipeline/rerun_pruned/hgt_candidates.tsv"
  },
  "components": {
    "n_components": 5262,
    "size": {
      "n": 5262,
      "min": 2.0,
      "max": 107.0,
      "mean": 7.11155454199924,
      "std": 9.137063946166126,
      "q05": 3.0,
      "q25": 3.0,
      "q50": 4.0,
      "q75": 7.0,
      "q95": 20.0
    },
    "edges": {},
    "density": {},
    "n_species": {
      "n": 5262,
      "min": 2.0,
      "max": 50.0,
      "mean": 3.7924743443557585,
      "std": 4.510803142281004,
      "q05": 2.0,
      "q25": 2.0,
      "q50": 2.0,
      "q75": 4.0,
      "q95": 10.0
    },
    "H_norm": {},
    "high_z_frac": {
      "n": 5045,
      "min": 0.0,
      "max": 1.0,
      "mean": 0.03590894707631318,
      "std": 0.1587087195453751,
      "q05": 0.0,
      "q25": 0.0,
      "q50": 0.0,
      "q75": 0.0,
      "q95": 0.2
    },
    "max_z": {
      "n": 5045,
      "min": -1.757459,
      "max": 32.965695,
      "mean": 0.6638304616451933,
      "std": 2.046501809532432,
      "q05": -0.9023952000000001,
      "q25": -0.550813,
      "q50": 0.080338,
      "q75": 1.051281,
      "q95": 4.1754904
    },
    "pct_mixed_ge3_species": 43.50057012542759,
    "pct_mixed_ge5_species": 18.491068034967693,
    "pct_highz_gt_0p1": 6.214367160775371,
    "pct_highz_gt_0p3": 3.9338654503990877
  },
  "proteins": {
    "n_proteins": 37421
  },
  "candidates": {
    "n_candidates_rows": 200,
    "score": {
      "n": 200,
      "min": 3.589368,
      "max": 14.670745,
      "mean": 5.828388460000001,
      "std": 2.5146821867505484,
      "q05": 3.63850415,
      "q25": 4.007721500000001,
      "q50": 4.737121500000001,
      "q75": 6.6906,
      "q95": 11.124663799999995
    },
    "pct_scored_gt_0": 100.0,
    "pct_scored_ge_1": 100.0,
    "pct_scored_ge_5": 47.5,
    "pct_scored_ge_10": 10.0
  },
  "edges": {
    "n_edges_rows": 92790,
    "z_robust": {
      "n": 81587,
      "min": -4.458614,
      "max": 32.965695,
      "mean": 0.4734260137767046,
      "std": 1.6582755964232017,
      "q05": -0.9364179,
      "q25": -0.583649,
      "q50": 0.0,
      "q75": 0.8993255,
      "q95": 3.559162699999997
    },
    "jaccard": {
      "n": 92790,
      "min": 0.024353,
      "max": 1.0,
      "mean": 0.24918729508567736,
      "std": 0.22777347883211238,
      "q05": 0.05412715,
      "q25": 0.095745,
      "q50": 0.158924,
      "q75": 0.307692,
      "q95": 0.7875
    },
    "shared": {
      "n": 92790,
      "min": 6.0,
      "max": 3088.0,
      "mean": 117.23614613643711,
      "std": 115.30611180134481,
      "q05": 17.0,
      "q25": 44.0,
      "q50": 82.0,
      "q75": 150.0,
      "q95": 339.0
    }
  }
}